id,code,name,type,active
d93ec8c6-a4ce-3498-9217-8c4eae9dd89f,DOSPANCA,Dospanca,COLD_STORAGE,true
07f3d789-ec0b-31b2-be86-2d20b032ef0b,GALPON,Galpón,WAREHOUSE,true
083eee98-d2a9-321a-b041-d78a1e5d222f,SANTA-ANA,Santa Ana,WAREHOUSE,true
e19becd6-3196-3358-91f5-efd95375a947,CECIVE,Cecive,COLD_STORAGE,true
d457d108-643f-3540-9c8c-9083f8ff1efb,BELMONTE,Belmonte,COLD_STORAGE,true
e170af69-5bb5-3df8-90e0-4304692f015f,TREVELIN,Trevelin,WAREHOUSE,true
dd91ddb2-261a-3729-abd7-ee7462caa207,SASULA,Sasula Balcarce,COLD_STORAGE,true
617354b4-8a9b-3cdf-9083-9f247d037fcd,PLANTA,Planta,WAREHOUSE,true
a861ff17-e8de-3618-b519-6667d124417a,PANCANI,Pancani,COLD_STORAGE,true
